{
  "num_examples": 20,
  "short_text_metrics": {
    "BLEU": 3.089827292556117,
    "METEOR_mean": 0.15253455689839898,
    "ROUGE-1-F1_mean": 0.0,
    "ROUGE-L-F1_mean": 0.0,
    "BERTScore_F1_mean": 0.7434654235839844
  },
  "type_metrics": {
    "accuracy": 0.6,
    "precision_macro": 0.5,
    "recall_macro": 0.3,
    "f1_macro": 0.375
  },
  "CLIPScore_mean": 0.20324824526906013,
  "Latency_mean_sec": 0.6742006778717041,
  "Images_per_sec": 1.4832379035226857
}